DELETE FROM Student;
DELETE FROM Class;
DELETE FROM Teacher;
DELETE FROM User;
DELETE FROM Department;

-- 插入 Department 表数据
INSERT INTO Department (department_name, department_students, department_classes) VALUES
    ('计算机科学系', 0, 0),
    ('机械工程系', 0, 0),
    ('电子工程系', 0, 0),
    ('农学系', 0, 0),
    ('经济管理系', 0, 0),
    ('动物科学系', 0, 0),
    ('体育系', 0, 0);

-- 插入 User 表数据
INSERT INTO User (user_role, department_name, user_name, user_account, user_password) VALUES
    ('admin', NULL, '管理员', 'admin001', 'password123'),
    ('director', '计算机科学系', '张主任', 'zhang001', 'password123'),
    ('teacher', '电子工程系', '李老师', 'li001', 'password123'),
    ('guider', '机械工程系', '王指导', 'wang001', 'password123');

-- 插入 Class 表数据
INSERT INTO Class (class_name, class_students, class_master, class_guider, start_date, department_name) VALUES
    ('计算机一班', 0, '陈电脑', '叶电脑', '2018-09-01', '计算机科学系'),
    ('计算机二班', 0, '王电脑', '郑电脑', '2019-09-01', '计算机科学系'),
    ('计算机三班', 0, '林电脑', '吴电脑', '2020-09-01', '计算机科学系'),
    ('计算机四班', 0, '张电脑', '徐电脑', '2021-09-01', '计算机科学系'),
    ('计算机五班', 0, '李电脑', '刘电脑', '2022-09-01', '计算机科学系'),
    ('机械一班', 0, '陈机械', '叶机械', '2018-09-01', '机械工程系'),
    ('机械二班', 0, '王机械', '郑机械', '2019-09-01', '机械工程系'),
    ('机械三班', 0, '林机械', '吴机械', '2020-09-01', '机械工程系'),
    ('机械四班', 0, '张机械', '徐机械', '2021-09-01', '机械工程系'),
    ('机械五班', 0, '李机械', '刘机械', '2022-09-01', '机械工程系'),
    ('电子一班', 0, '陈电子', '叶电子', '2018-09-01', '电子工程系'),
    ('电子二班', 0, '王电子', '郑电子', '2019-09-01', '电子工程系'),
    ('电子三班', 0, '林电子', '吴电子', '2020-09-01', '电子工程系'),
    ('电子四班', 0, '张电子', '徐电子', '2021-09-01', '电子工程系'),
    ('电子五班', 0, '李电子', '刘电子', '2022-09-01', '电子工程系'),
    ('农学一班', 0, '陈种地', '叶种地', '2018-09-01', '农学系'),
    ('农学二班', 0, '王种地', '郑种地', '2019-09-01', '农学系'),
    ('农学三班', 0, '林种地', '吴种地', '2020-09-01', '农学系'),
    ('农学四班', 0, '张种地', '徐种地', '2021-09-01', '农学系'),
    ('农学五班', 0, '李种地', '刘种地', '2022-09-01', '农学系'),
    ('经管一班', 0, '陈经管', '叶经管', '2018-09-01', '经济管理系'),
    ('经管二班', 0, '王经管', '郑经管', '2019-09-01', '经济管理系'),
    ('经管三班', 0, '林经管', '吴经管', '2020-09-01', '经济管理系'),
    ('经管四班', 0, '张经管', '徐经管', '2021-09-01', '经济管理系'),
    ('经管五班', 0, '李经管', '刘经管', '2022-09-01', '经济管理系'),
    ('动科一班', 0, '陈动科', '叶动科', '2018-09-01', '动物科学系'),
    ('动科二班', 0, '王动科', '郑动科', '2019-09-01', '动物科学系'),
    ('动科三班', 0, '林动科', '吴动科', '2020-09-01', '动物科学系'),
    ('动科四班', 0, '张动科', '徐动科', '2021-09-01', '动物科学系'),
    ('动科五班', 0, '李动科', '刘动科', '2022-09-01', '动物科学系'),
    ('体育一班', 0, '陈体育', '叶体育', '2018-09-01', '体育系'),
    ('体育二班', 0, '王体育', '郑体育', '2019-09-01', '体育系'),
    ('体育三班', 0, '林体育', '吴体育', '2020-09-01', '体育系'),
    ('体育四班', 0, '张体育', '徐体育', '2021-09-01', '体育系'),
    ('体育五班', 0, '李体育', '刘体育', '2022-09-01', '体育系');

-- 插入 Student 表数据
INSERT INTO Student (student_card, student_name, student_gender, student_phone, student_birth, student_home, student_comes, student_number, department_name, student_major, class_name) VALUES
    ('192182172162152130', '苏电脑', 'man', '13800138000', '2002-03-01', '北京海淀区', '北京市', '2105080130', '计算机科学系', '软件工程', '计算机一班'),
    ('192182172162152131', '卢电脑', 'woman', '13800138001', '2003-06-01', '天津南开区', '天津市', '2105080131', '计算机科学系', '计算机科学与技术', '计算机二班'),
    ('192182172162152132', '蒋电脑', 'man', '13800138002', '2004-09-01', '上海浦东区', '上海市', '2105080132', '计算机科学系', '网络工程', '计算机三班'),
    ('192182172162152133', '蔡电脑', 'woman', '13800138003', '2005-06-01', '河北廊坊市', '河北省', '2105080133', '计算机科学系', '信息安全', '计算机四班'),
    ('192182172162152134', '贾电脑', 'man', '13800138004', '2006-06-01', '河南郑州市', '河南省', '2105080134', '计算机科学系', '人工智能', '计算机五班'),
    ('193183173163153130', '苏电子', 'man', '13800238000', '2002-03-01', '北京海淀区', '北京市', '2105081130', '机械工程系', '机械自动化', '机械一班'),
    ('193183173163153131', '卢电子', 'woman', '13800238001', '2003-06-01', '天津南开区', '天津市', '2105081131', '机械工程系', '车辆工程', '机械二班'),
    ('193183173163153132', '蒋电子', 'man', '13800238002', '2004-09-01', '上海浦东区', '上海市', '2105081132', '机械工程系', '工业设计', '机械三班'),
    ('193183173163153133', '蔡电子', 'woman', '13800238003', '2005-06-01', '河北廊坊市', '河北省', '2105081133', '机械工程系', '机械电子工程', '机械四班'),
    ('193183173163153134', '贾电子', 'man', '13800238004', '2006-06-01', '河南郑州市', '河南省', '2105081134', '机械工程系', '材料成型及控制工程', '机械五班'),
    ('194184174164154130', '苏机械', 'man', '13800338000', '2002-03-01', '北京海淀区', '北京市', '2105082130', '电子工程系', '电子信息工程', '电子一班'),
    ('194184174164154131', '卢机械', 'woman', '13800338001', '2003-06-01', '天津南开区', '天津市', '2105082131', '电子工程系', '通信工程', '电子二班'),
    ('194184174164154132', '蒋机械', 'man', '13800338002', '2004-09-01', '上海浦东区', '上海市', '2105082132', '电子工程系', '集成电路设计与集成系统', '电子三班'),
    ('194184174164154133', '蔡机械', 'woman', '13800338003', '2005-06-01', '河北廊坊市', '河北省', '2105082133', '电子工程系', '自动化', '电子四班'),
    ('194184174164154134', '贾机械', 'man', '13800338004', '2006-06-01', '河南郑州市', '河南省', '2105082134', '电子工程系', '微电子科学与工程', '电子五班'),
    ('195185175165155130', '苏种地', 'man', '13800438000', '2002-03-01', '北京海淀区', '北京市', '2105083130', '农学系', '农学', '农学一班'),
    ('195185175165155131', '卢种地', 'woman', '13800438001', '2003-06-01', '天津南开区', '天津市', '2105083131', '农学系', '植物保护', '农学二班'),
    ('195185175165155132', '蒋种地', 'man', '13800438002', '2004-09-01', '上海浦东区', '上海市', '2105083132', '农学系', '园艺', '农学三班'),
    ('195185175165155133', '蔡种地', 'woman', '13800438003', '2005-06-01', '河北廊坊市', '河北省', '2105083133', '农学系', '种子科学与工程', '农学四班'),
    ('195185175165155134', '贾种地', 'man', '13800438004', '2006-06-01', '河南郑州市', '河南省', '2105083134', '农学系', '农业资源与环境', '农学五班'),
    ('196186176166156130', '苏经管', 'man', '13800538000', '2002-03-01', '北京海淀区', '北京市', '2105084130', '经济管理系', '经济学', '经管一班'),
    ('196186176166156131', '卢经管', 'woman', '13800538001', '2003-06-01', '天津南开区', '天津市', '2105084131', '经济管理系', '国际经济与贸易', '经管二班'),
    ('196186176166156132', '蒋经管', 'man', '13800538002', '2004-09-01', '上海浦东区', '上海市', '2105084132', '经济管理系', '金融学', '经管三班'),
    ('196186176166156133', '蔡经管', 'woman', '13800538003', '2005-06-01', '河北廊坊市', '河北省', '2105084133', '经济管理系', '工商管理', '经管四班'),
    ('196186176166156134', '贾经管', 'man', '13800538004', '2006-06-01', '河南郑州市', '河南省', '2105084134', '经济管理系', '会计学', '经管五班'),
    ('197187177167157130', '苏动科', 'man', '13800638000', '2002-03-01', '北京海淀区', '北京市', '2105085130', '动物科学系', '动物科学', '动科一班'),
    ('197187177167157131', '卢动科', 'woman', '13800638001', '2003-06-01', '天津南开区', '天津市', '2105085131', '动物科学系', '动物医学', '动科二班'),
    ('197187177167157132', '蒋动科', 'man', '13800638002', '2004-09-01', '上海浦东区', '上海市', '2105085132', '动物科学系', '水产养殖学', '动科三班'),
    ('197187177167157133', '蔡动科', 'woman', '13800638003', '2005-06-01', '河北廊坊市', '河北省', '2105085133', '动物科学系', '动物营养与饲料科学', '动科四班'),
    ('197187177167157134', '贾动科', 'man', '13800638004', '2006-06-01', '河南郑州市', '河南省', '2105085134', '动物科学系', '野生动物与自然保护区管理', '动科五班'),
    ('198188178168158130', '苏体育', 'man', '13800738000', '2002-03-01', '北京海淀区', '北京市', '2105086130', '体育系', '体育教育', '体育一班'),
    ('198188178168158131', '卢体育', 'woman', '13800738001', '2003-06-01', '天津南开区', '天津市', '2105086131', '体育系', '运动训练', '体育二班'),
    ('198188178168158132', '蒋体育', 'man', '13800738002', '2004-09-01', '上海浦东区', '上海市', '2105086132', '体育系', '社会体育指导与管理', '体育三班'),
    ('198188178168158133', '蔡体育', 'woman', '13800738003', '2005-06-01', '河北廊坊市', '河北省', '2105086133', '体育系', '运动人体科学', '体育四班'),
    ('198188178168158134', '贾体育', 'man', '13800738004', '2006-06-01', '河南郑州市', '河南省', '2105086134', '体育系', '运动医学', '体育五班');

-- 插入 Teacher 表数据
INSERT INTO Teacher (teacher_name, teacher_gender, teacher_phone, teacher_birth, teacher_home, teacher_card, hire_date, department_name, teacher_title, teacher_job) VALUES
    ('陈老师', 'woman', '13800138003', '1980-07-15', '北京市朝阳区', 'T20220001', '2010-09-01', '计算机科学系', '教授', '班主任'),
    ('刘老师', 'man', '13800138004', '1982-11-20', '上海市静安区', 'T20220002', '2012-09-01', '电子工程系', '副教授', '导师'),
    ('赵老师', 'woman', '13800138005', '1985-03-10', '广州市天河区', 'T20220003', '2015-09-01', '机械工程系', '讲师', '辅导员');
